CREATE TABLE Role
(
    id INT IDENTITY(1,1) PRIMARY KEY,
    name NVARCHAR(255) NOT NULL
);

CREATE TABLE Account
(
    id INT IDENTITY(1,1) PRIMARY KEY,
    username NVARCHAR(255) NOT NULL,
    password NVARCHAR(255) NOT NULL,
    firstName NVARCHAR(255) NOT NULL,
    lastName NVARCHAR(255) NOT NULL,
    email NVARCHAR(255) NOT NULL,
    phone NVARCHAR(255) NOT NULL,
    createdAt DATETIME DEFAULT CURRENT_TIMESTAMP,
    status INT NOT NULL,
    roleId INT,
    FOREIGN KEY (roleId) REFERENCES Role(id)
);

CREATE TABLE Diamonds
(
    id INT IDENTITY(1,1) PRIMARY KEY,
    certificateId NVARCHAR(255),
    proportions NVARCHAR(255),
    diamondOrigin NVARCHAR(255),
    caratWeight FLOAT NOT NULL,
    measurements NVARCHAR(255),
    polish NVARCHAR(255),
    fluorescence NVARCHAR(255),
    color NVARCHAR(255),
    cut NVARCHAR(255),
    clarity NVARCHAR(255),
    symmetry NVARCHAR(255),
    shape NVARCHAR(255)
);

CREATE TABLE Processes
(
    id INT IDENTITY(1,1) PRIMARY KEY,
    processStatus NVARCHAR(255) NOT NULL,
    actor NVARCHAR(255) NOT NULL
);

CREATE TABLE Services
(
    id INT IDENTITY(1,1) PRIMARY KEY,
    price NVARCHAR(255) NOT NULL,
    serviceName NVARCHAR(255) NOT NULL
);

CREATE TABLE Requests
(
    id INT IDENTITY(1,1) PRIMARY KEY,
    requestImage NVARCHAR(255) NOT NULL,
    note NVARCHAR(255) NOT NULL,
    createdDate DATETIME DEFAULT CURRENT_TIMESTAMP,
    appointmentDate DATETIME DEFAULT CURRENT_TIMESTAMP,
    paymentStatus NVARCHAR(255) NOT NULL,
    userId INT,
    diamondId INT,
    serviceId INT,
    FOREIGN KEY (userId) REFERENCES Account(id),
    FOREIGN KEY (diamondId) REFERENCES Diamonds(id),
    FOREIGN KEY (serviceId) REFERENCES Services(id)
);

CREATE TABLE Results
(
    id INT IDENTITY(1,1) PRIMARY KEY,
    price FLOAT NOT NULL,
    companyName NVARCHAR(255) NOT NULL,
    requestId INT,
    dateValued DATETIME DEFAULT CURRENT_TIMESTAMP,
    FOREIGN KEY (requestId) REFERENCES Requests(id)
);

CREATE TABLE Payments
(
    id INT IDENTITY(1,1) PRIMARY KEY,
    paymentAmount FLOAT NOT NULL,
    paymentDate DATETIME NOT NULL,
    requestId INT,
    FOREIGN KEY (requestId) REFERENCES Requests(id)
);

CREATE TABLE PasswordResetTokens
(
    id INT IDENTITY(1,1) PRIMARY KEY,
    userId INT,
    token NVARCHAR(255) NOT NULL,
    expiryDate DATETIME NOT NULL,
    FOREIGN KEY (userId) REFERENCES Account(id)
);

CREATE TABLE Feedback
(
    id INT IDENTITY(1,1) PRIMARY KEY,
    userId INT,
    requestId INT,
    customerName NVARCHAR(255),
    email NVARCHAR(255),
    feedbackText NVARCHAR(1000),
    createdAt DATETIME DEFAULT CURRENT_TIMESTAMP,
    FOREIGN KEY (userId) REFERENCES Account(id),
    FOREIGN KEY (requestId) REFERENCES Requests(id)
);

CREATE TABLE RequestProcesses
(
    id INT IDENTITY(1,1) PRIMARY KEY,
    requestType NVARCHAR(255) NOT NULL,
    createdDate DATETIME DEFAULT CURRENT_TIMESTAMP,
    finishDate DATETIME,
    description NVARCHAR(1000),
    status NVARCHAR(50),
    requestId INT NOT NULL,
    staffId INT NOT NULL,
    receiver INT,
    processId INT,
    FOREIGN KEY (staffId) REFERENCES Account(id),
    FOREIGN KEY (processId) REFERENCES Processes(id),
    FOREIGN KEY (receiver) REFERENCES Account(id),
    FOREIGN KEY (requestId) REFERENCES Requests(id)
);

CREATE TABLE SealingReports
(
    id INT IDENTITY(1,1) PRIMARY KEY,
    customerId INT NOT NULL,
    requestId INT NOT NULL,
    sealingDate DATETIME DEFAULT CURRENT_TIMESTAMP,
    sealedBy NVARCHAR(255) NOT NULL,
    notes NVARCHAR(1000),
    attachedFile NVARCHAR(255), -- Đường dẫn file đính kèm
    createdAt DATETIME DEFAULT CURRENT_TIMESTAMP,
    FOREIGN KEY (customerId) REFERENCES Account(id),
    FOREIGN KEY (requestId) REFERENCES Requests(id)
);

CREATE TABLE CommitmentForms
(
    id INT IDENTITY(1,1) PRIMARY KEY,
    customerId INT NOT NULL,
    requestId INT NOT NULL,
    commitmentDate DATETIME DEFAULT CURRENT_TIMESTAMP,
    notes NVARCHAR(1000),
    attachedFile NVARCHAR(255), -- Đường dẫn file đính kèm
    createdAt DATETIME DEFAULT CURRENT_TIMESTAMP,
    FOREIGN KEY (customerId) REFERENCES Account(id),
    FOREIGN KEY (requestId) REFERENCES Requests(id)
);



-- Initial data insertion for Role, Account, Diamonds, Processes, Services, Requests, Results, Payments, PasswordResetTokens, Feedback
INSERT INTO Role
    (name)
VALUES
    ('Admin'),
    ('Manager'),
    ('Consulting Staff'),
    ('Valuation Staff'),
    ('Customer'),
    ('Guest');

INSERT INTO Account
    (username, password, firstName, lastName, email, phone, createdAt, status, roleId)
VALUES
    ('admin', 'admin@123', 'Admin', 'User', 'admin@example.com', '123456789', GETDATE(), 1, 1),
    ('manager', 'manager@123', 'Manager', 'User', 'manager@example.com', '987654321', GETDATE(), 1, 2),
    ('consultant1', 'consultant1@123', 'Consultant', 'One', 'consultant1@example.com', '111222333', GETDATE(), 1, 3),
    ('consultant2', 'consultant2@123', 'Consultant', 'Two', 'consultant2@example.com', '444555666', GETDATE(), 1, 3),
    ('valuator1', 'valuator1@123', 'Valuator', 'One', 'valuator1@example.com', '777888999', GETDATE(), 1, 4),
    ('valuator2', 'valuator2@123', 'Valuator', 'Two', 'valuator2@example.com', '000111222', GETDATE(), 1, 4),
    ('customer1', 'customer1@123', 'Customer', 'One', 'customer1@example.com', '333444555', GETDATE(), 1, 5),
    ('customer2', 'customer2@123', 'Customer', 'Two', 'customer2@example.com', '666777888', GETDATE(), 1, 5),
    ('guest1', 'guest1@123', 'Guest', 'One', 'guest1@example.com', '999000111', GETDATE(), 1, 6),
    ('guest2', 'guest2@123', 'Guest', 'Two', 'guest2@example.com', '222333444', GETDATE(), 1, 6);

INSERT INTO Diamonds
    (certificateId, proportions, diamondOrigin, caratWeight, measurements, polish, fluorescence, color, cut, clarity, symmetry, shape)
VALUES
    ('CER001', 'Ideal', 'Africa', 1.5, '6.5x6.5x4.2 mm', 'Excellent', 'None', 'D', 'Round', 'IF', 'Excellent', 'Round'),
    ('CER002', 'Good', 'South America', 2.1, '7.2x7.2x4.5 mm', 'Very Good', 'Faint', 'E', 'Princess', 'VVS1', 'Very Good', 'Princess'),
    ('CER003', 'Very Good', 'Australia', 1.8, '6.8x6.8x4.3 mm', 'Good', 'Medium', 'F', 'Emerald', 'VS2', 'Good', 'Emerald');

INSERT INTO Processes
    (processStatus, actor)
VALUES
    ('Called', 'Consulting Staff'),
    ('Received', 'Consulting Staff'),
    ('Approved', 'Consulting Staff'),
    ('In Progress', 'Valuation Staff'),
    ('Sent to Valuation', 'Consulting Staff'),
    ('Completed', 'Manager'),
    ('Start Valuated', 'Valuation Staff'),
    ('Valuated', 'Valuation Staff'),
    ('Commitment', 'Consulting Staff'),
    ('Sealing', 'Consulting Staff'),
    ('Result Sent to Customer', 'Consulting Staff'),
    ('Received for Valuation', 'Valuation Staff'),
    ('Sent to Consulting', 'Valuation Staff');

INSERT INTO Services
    (price, serviceName)
VALUES
    ('$100', 'Basic Valuation'),
    ('$200', 'Advanced Valuation'),
    ('$50', 'Diamond Inspection');

INSERT INTO Requests
    (requestImage, note, createdDate, appointmentDate, paymentStatus, userId, diamondId, serviceId)
VALUES
    ('image1.jpg', 'Urgent request', GETDATE(), GETDATE(), 'Pending', 7, 1, 2),
    ('image2.jpg', 'Standard request', GETDATE(), GETDATE(), 'Paid', 8, 2, 3),
    ('image3.jpg', 'Regular request', GETDATE(), GETDATE(), 'Pending', 9, 3, 1);

INSERT INTO Results
    (price, companyName, requestId)
VALUES
    (150.0, 'Diamond Valuations Inc.', 1),
    (220.0, 'Gem Experts Ltd.', 2),
    (90.0, 'Certified Diamonds', 3);

INSERT INTO Payments
    (paymentAmount, paymentDate, requestId)
VALUES
    (100.0, GETDATE(), 1),
    (200.0, GETDATE(), 2),
    (50.0, GETDATE(), 3);
INSERT INTO PasswordResetTokens
    (userId, token, expiryDate)
VALUES
    (7, 'abc123xyz', DATEADD(DAY, 1, GETDATE())),
    (8, 'def456uvw', DATEADD(DAY, 1, GETDATE())),
    (9, 'ghi789rst', DATEADD(DAY, 1, GETDATE()));


INSERT INTO Feedback
    (userId, requestId, customerName, email, feedbackText, createdAt)
VALUES
    (1, 1, 'John Doe', 'john.doe@example.com', 'The diamond valuation service was excellent!', GETDATE()),
    (2, 2, 'Jane Smith', 'jane.smith@example.com', 'Very satisfied with the diamond cleaning service.', GETDATE()),
    (null , null, 'Son', 'ngoxuanson121@gmail.com', N'làm ăn tốt đấy', GETDATE())

INSERT INTO RequestProcesses
    (requestType, createdDate, finishDate, description, status, requestId, staffId, receiver, processId)
VALUES
    ('Valuation', GETDATE(), GETDATE(), 'Basic valuation service', 'Completed', 1, 5, 2, 6),
    ('Inspection', GETDATE(), GETDATE(), 'Diamond inspection service', 'Completed', 2, 6, 2, 6),
    ('Valuation', GETDATE(), GETDATE(), 'Advanced valuation service', 'Completed', 3, 5, 2, 6);

CREATE TABLE diamond_price
(
    weightRange VARCHAR(20) NOT NULL,
    color CHAR(1) NOT NULL,
    [IF] DECIMAL(4, 2),
    VVS1 DECIMAL
    (4, 2),
    VVS2 DECIMAL
    (4, 2),
    VS1 DECIMAL
    (4, 2),
    VS2 DECIMAL
    (4, 2),
    SI1 DECIMAL
    (4, 2),
    SI2 DECIMAL
    (4, 2),
    SI3 DECIMAL
    (4, 2),
    I1 DECIMAL
    (4, 2),
    I2 DECIMAL
    (4, 2),
    I3 DECIMAL
    (4, 2),
    PRIMARY KEY
    (weightRange, color)
);
INSERT
INTO diamond_price
    (weightRange, color, [IF], VVS1, VVS2, VS1, VS2, SI1, SI2, SI3, I1, I2, I3)
VALUES
    ('0.01-0.03' , 'D'  , 6.5, 6.3, 6.1, 5.9, 5.7, 5.5, 5.3, 5.1, 4.9, 4.7, 4.5 ),
    ('0.01-0.03' , 'E'  , 6.4, 6.2, 6.0, 5.8, 5.6, 5.4, 5.2, 5.0, 4.8, 4.6, 4.4 ),
    ('0.01-0.03' , 'F'  , 6.3, 6.1, 5.9, 5.7, 5.5, 5.3, 5.1, 4.9, 4.7, 4.5, 4.3 ),
    ('0.01-0.03' , 'G'  , 6.2, 6.0, 5.8, 5.6, 5.4, 5.2, 5.0, 4.8, 4.6, 4.4, 4.2 ),
    ('0.01-0.03' , 'H'  , 6.1, 5.9, 5.7, 5.5, 5.3, 5.1, 4.9, 4.7, 4.5, 4.3, 4.1 ),
    ('0.01-0.03' , 'I'  , 6.0, 5.8, 5.6, 5.4, 5.2, 5.0, 4.8, 4.6, 4.4, 4.2, 4.0 ),
    ('0.01-0.03' , 'J'  , 5.9, 5.7, 5.5, 5.3, 5.1, 4.9, 4.7, 4.5, 4.3, 4.1, 3.9 ),
    ('0.01-0.03' , 'K'  , 5.8, 5.6, 5.4, 5.2, 5.0, 4.8, 4.6, 4.4, 4.2, 4.0, 3.8 ),
    ('0.01-0.03' , 'L'  , 5.7, 5.5, 5.3, 5.1, 4.9, 4.7, 4.5, 4.3, 4.1, 3.9, 3.7 ),
    ('0.01-0.03' , 'M'  , 5.6, 5.4, 5.2, 5.0, 4.8, 4.6, 4.4, 4.2, 4.0, 3.8, 3.6 ),
    ('0.01-0.03' , 'N'  , 5.5, 5.3, 5.1, 4.9, 4.7, 4.5, 4.3, 4.1, 3.9, 3.7, 3.5 ),
    ('0.04-0.07', 'D', 7.5, 7.3, 7.1, 6.9, 6.7, 6.5, 6.3, 6.1, 5.9, 5.7, 5.5 ),
    ('0.04-0.07', 'E', 7.4, 7.2, 7.0, 6.8, 6.6, 6.4, 6.2, 6.0, 5.8, 5.6, 5.4 ),
    ('0.04-0.07', 'F', 7.3, 7.1, 6.9, 6.7, 6.5, 6.3, 6.1, 5.9, 5.7, 5.5, 5.3 ),
    ('0.04-0.07', 'G', 7.2, 7.0, 6.8, 6.6, 6.4, 6.2, 6.0, 5.8, 5.6, 5.4, 5.2 ),
    ('0.04-0.07', 'H', 7.1, 6.9, 6.7, 6.5, 6.3, 6.1, 5.9, 5.7, 5.5, 5.3, 5.1 ),
    ('0.04-0.07', 'I', 7.0, 6.8, 6.6, 6.4, 6.2, 6.0, 5.8, 5.6, 5.4, 5.2, 5.0 ),
    ('0.04-0.07', 'J', 6.9, 6.7, 6.5, 6.3, 6.1, 5.9, 5.7, 5.5, 5.3, 5.1, 4.9 ),
    ('0.04-0.07', 'K', 6.8, 6.6, 6.4, 6.2, 6.0, 5.8, 5.6, 5.4, 5.2, 5.0, 4.8 ),
    ('0.04-0.07', 'L', 6.7, 6.5, 6.3, 6.1, 5.9, 5.7, 5.5, 5.3, 5.1, 4.9, 4.7 ),
    ('0.04-0.07', 'M', 6.6, 6.4, 6.2, 6.0, 5.8, 5.6, 5.4, 5.2, 5.0, 4.8, 4.6 ),
    ('0.04-0.07', 'N', 6.5, 6.3, 6.1, 5.9, 5.7, 5.5, 5.3, 5.1, 4.9, 4.7, 4.5 ),
    ('0.08-0.14', 'D', 8.5, 8.3, 8.1, 7.9, 7.7, 7.5, 7.3, 7.1, 6.9, 6.7, 6.5 ),
    ('0.08-0.14', 'E', 8.4, 8.2, 8.0, 7.8, 7.6, 7.4, 7.2, 7.0, 6.8, 6.6, 6.4 ),
    ('0.08-0.14', 'F', 8.3, 8.1, 7.9, 7.7, 7.5, 7.3, 7.1, 6.9, 6.7, 6.5, 6.3 ),
    ('0.08-0.14', 'G', 8.2, 8.0, 7.8, 7.6, 7.4, 7.2, 7.0, 6.8, 6.6, 6.4, 6.2 ),
    ('0.08-0.14', 'H', 8.1, 7.9, 7.7, 7.5, 7.3, 7.1, 6.9, 6.7, 6.5, 6.3, 6.1 ),
    ('0.08-0.14', 'I', 8.0, 7.8, 7.6, 7.4, 7.2, 7.0, 6.8, 6.6, 6.4, 6.2, 6.0 ),
    ('0.08-0.14', 'J', 7.9, 7.7, 7.5, 7.3, 7.1, 6.9, 6.7, 6.5, 6.3, 6.1, 5.9 ),
    ('0.08-0.14', 'K', 7.8, 7.6, 7.4, 7.2, 7.0, 6.8, 6.6, 6.4, 6.2, 6.0, 5.8 ),
    ('0.08-0.14', 'L', 7.7, 7.5, 7.3, 7.1, 6.9, 6.7, 6.5, 6.3, 6.1, 5.9, 5.7 ),
    ('0.08-0.14', 'M', 7.6, 7.4, 7.2, 7.0, 6.8, 6.6, 6.4, 6.2, 6.0, 5.8, 5.6 ),
    ('0.08-0.14', 'N', 7.5, 7.3, 7.1, 6.9, 6.7, 6.5, 6.3, 6.1, 5.9, 5.7, 5.5),
    ( '0.15-0.17', 'D', 9.5, 9.3, 9.1, 8.9, 8.7, 8.5, 8.3, 8.1, 7.9, 7.7, 7.5 ),
    ( '0.15-0.17', 'E', 9.4, 9.2, 9.0, 8.8, 8.6, 8.4, 8.2, 8.0, 7.8, 7.6, 7.4 ),
    ( '0.15-0.17', 'F', 9.3, 9.1, 8.9, 8.7, 8.5, 8.3, 8.1, 7.9, 7.7, 7.5, 7.3 ),
    ( '0.15-0.17', 'G', 9.2, 9.0, 8.8, 8.6, 8.4, 8.2, 8.0, 7.8, 7.6, 7.4, 7.2 ),
    ( '0.15-0.17', 'H', 9.1, 8.9, 8.7, 8.5, 8.3, 8.1, 7.9, 7.7, 7.5, 7.3, 7.1 ),
    ( '0.15-0.17', 'I', 9.0, 8.8, 8.6, 8.4, 8.2, 8.0, 7.8, 7.6, 7.4, 7.2, 7.0 ),
    ( '0.15-0.17', 'J', 8.9, 8.7, 8.5, 8.3, 8.1, 7.9, 7.7, 7.5, 7.3, 7.1, 6.9 ),
    ( '0.15-0.17', 'K', 8.8, 8.6, 8.4, 8.2, 8.0, 7.8, 7.6, 7.4, 7.2, 7.0, 6.8 ),
    ( '0.15-0.17', 'L', 8.7, 8.5, 8.3, 8.1, 7.9, 7.7, 7.5, 7.3, 7.1, 6.9, 6.7 ),
    ( '0.15-0.17', 'M', 8.6, 8.4, 8.2, 8.0, 7.8, 7.6, 7.4, 7.2, 7.0, 6.8, 6.6 ),
    ( '0.15-0.17', 'N', 8.5, 8.3, 8.1, 7.9, 7.7, 7.5, 7.3, 7.1, 6.9, 6.7, 6.5 ),
    ('0.18-0.22', 'D', 10.5, 10.3, 10.1, 9.9, 9.7, 9.5, 9.3, 9.1, 8.9, 8.7, 8.5 ),
    ('0.18-0.22', 'E', 10.4, 10.2, 10.0, 9.8, 9.6, 9.4, 9.2, 9.0, 8.8, 8.6, 8.4 ),
    ('0.18-0.22', 'F', 10.3, 10.1, 9.9, 9.7, 9.5, 9.3, 9.1, 8.9, 8.7, 8.5, 8.3 ),
    ('0.18-0.22', 'G', 10.2, 10.0, 9.8, 9.6, 9.4, 9.2, 9.0, 8.8, 8.6, 8.4, 8.2 ),
    ('0.18-0.22', 'H', 10.1, 9.9, 9.7, 9.5, 9.3, 9.1, 8.9, 8.7, 8.5, 8.3, 8.1 ),
    ('0.18-0.22', 'I', 10.0, 9.8, 9.6, 9.4, 9.2, 9.0, 8.8, 8.6, 8.4, 8.2, 8.0 ),
    ('0.18-0.22', 'J', 9.9, 9.7, 9.5, 9.3, 9.1, 8.9, 8.7, 8.5, 8.3, 8.1, 7.9 ),
    ('0.18-0.22', 'K', 9.8, 9.6, 9.4, 9.2, 9.0, 8.8, 8.6, 8.4, 8.2, 8.0, 7.8 ),
    ('0.18-0.22', 'L', 9.7, 9.5, 9.3, 9.1, 8.9, 8.7, 8.5, 8.3, 8.1, 7.9, 7.7 ),
    ('0.18-0.22', 'M', 9.6, 9.4, 9.2, 9.0, 8.8, 8.6, 8.4, 8.2, 8.0, 7.8, 7.6 ),
    ('0.18-0.22', 'N', 9.5, 9.3, 9.1, 8.9, 8.7, 8.5, 8.3, 8.1, 7.9, 7.7, 7.5 ),
    ( '0.23-0.29', 'D', 11.5, 11.3, 11.1, 10.9, 10.7, 10.5, 10.3, 10.1, 9.9, 9.7, 9.5 ),
    ( '0.23-0.29', 'E', 11.4, 11.2, 11.0, 10.8, 10.6, 10.4, 10.2, 10.0, 9.8, 9.6, 9.4 ),
    ( '0.23-0.29', 'F', 11.3, 11.1, 10.9, 10.7, 10.5, 10.3, 10.1, 9.9, 9.7, 9.5, 9.3 ),
    ( '0.23-0.29', 'G', 11.2, 11.0, 10.8, 10.6, 10.4, 10.2, 10.0, 9.8, 9.6, 9.4, 9.2 ),
    ( '0.23-0.29', 'H', 11.1, 10.9, 10.7, 10.5, 10.3, 10.1, 9.9, 9.7, 9.5, 9.3, 9.1 ),
    ( '0.23-0.29', 'I', 11.0, 10.8, 10.6, 10.4, 10.2, 10.0, 9.8, 9.6, 9.4, 9.2, 9.0 ),
    ( '0.23-0.29', 'J', 10.9, 10.7, 10.5, 10.3, 10.1, 9.9, 9.7, 9.5, 9.3, 9.1, 8.9 ),
    ( '0.23-0.29', 'K', 10.8, 10.6, 10.4, 10.2, 10.0, 9.8, 9.6, 9.4, 9.2, 9.0, 8.8 ),
    ( '0.23-0.29', 'L', 10.7, 10.5, 10.3, 10.1, 9.9, 9.7, 9.5, 9.3, 9.1, 8.9, 8.7 ),
    ( '0.23-0.29', 'M', 10.6, 10.4, 10.2, 10.0, 9.8, 9.6, 9.4, 9.2, 9.0, 8.8, 8.6 ),
    ( '0.23-0.29', 'N', 10.5, 10.3, 10.1, 9.9, 9.7, 9.5, 9.3, 9.1, 8.9, 8.7, 8.5 ),
    ('0.30-0.39', 'D', 12.5, 12.3, 12.1, 11.9, 11.7, 11.5, 11.3, 11.1, 10.9, 10.7, 10.5 ),
    ('0.30-0.39', 'E', 12.4, 12.2, 12.0, 11.8, 11.6, 11.4, 11.2, 11.0, 10.8, 10.6, 10.4 ),
    ('0.30-0.39', 'F', 12.3, 12.1, 11.9, 11.7, 11.5, 11.3, 11.1, 10.9, 10.7, 10.5, 10.3 ),
    ('0.30-0.39', 'G', 12.2, 12.0, 11.8, 11.6, 11.4, 11.2, 11.0, 10.8, 10.6, 10.4, 10.2 ),
    ('0.30-0.39', 'H', 12.1, 11.9, 11.7, 11.5, 11.3, 11.1, 10.9, 10.7, 10.5, 10.3, 10.1 ),
    ('0.30-0.39', 'I', 12.0, 11.8, 11.6, 11.4, 11.2, 11.0, 10.8, 10.6, 10.4, 10.2, 10.0 ),
    ('0.30-0.39', 'J', 11.9, 11.7, 11.5, 11.3, 11.1, 10.9, 10.7, 10.5, 10.3, 10.1, 9.9 ),
    ('0.30-0.39', 'K', 11.8, 11.6, 11.4, 11.2, 11.0, 10.8, 10.6, 10.4, 10.2, 10.0, 9.8 ),
    ('0.30-0.39', 'L', 11.7, 11.5, 11.3, 11.1, 10.9, 10.7, 10.5, 10.3, 10.1, 9.9, 9.7 ),
    ('0.30-0.39', 'M', 11.6, 11.4, 11.2, 11.0, 10.8, 10.6, 10.4, 10.2, 10.0, 9.8, 9.6 ),
    ('0.30-0.39', 'N', 11.5, 11.3, 11.1, 10.9, 10.7, 10.5, 10.3, 10.1, 9.9, 9.7, 9.5 ),
    ('0.40-0.49', 'D', 13.5, 13.3, 13.1, 12.9, 12.7, 12.5, 12.3, 12.1, 11.9, 11.7, 11.5 ),
    ('0.40-0.49', 'E', 13.4, 13.2, 13.0, 12.8, 12.6, 12.4, 12.2, 12.0, 11.8, 11.6, 11.4 ),
    ('0.40-0.49', 'F', 13.3, 13.1, 12.9, 12.7, 12.5, 12.3, 12.1, 11.9, 11.7, 11.5, 11.3 ),
    ('0.40-0.49', 'G', 13.2, 13.0, 12.8, 12.6, 12.4, 12.2, 12.0, 11.8, 11.6, 11.4, 11.2 ),
    ('0.40-0.49', 'H', 13.1, 12.9, 12.7, 12.5, 12.3, 12.1, 11.9, 11.7, 11.5, 11.3, 11.1 ),
    ('0.40-0.49', 'I', 13.0, 12.8, 12.6, 12.4, 12.2, 12.0, 11.8, 11.6, 11.4, 11.2, 11.0 ),
    ('0.40-0.49', 'J', 12.9, 12.7, 12.5, 12.3, 12.1, 11.9, 11.7, 11.5, 11.3, 11.1, 10.9 ),
    ('0.40-0.49', 'K', 12.8, 12.6, 12.4, 12.2, 12.0, 11.8, 11.6, 11.4, 11.2, 11.0, 10.8 ),
    ('0.40-0.49', 'L', 12.7, 12.5, 12.3, 12.1, 11.9, 11.7, 11.5, 11.3, 11.1, 10.9, 10.7 ),
    ('0.40-0.49', 'M', 12.6, 12.4, 12.2, 12.0, 11.8, 11.6, 11.4, 11.2, 11.0, 10.8, 10.6 ),
    ('0.40-0.49', 'N', 12.5, 12.3, 12.1, 11.9, 11.7, 11.5, 11.3, 11.1, 10.9, 10.7, 10.5 ),
    ('0.50-0.69', 'D', 47, 43, 41, 38, 36, 32, 30, 28, 26, 24, 22 ),
    ('0.50-0.69', 'E', 45, 41, 39, 36, 34, 30, 28, 26, 24, 22, 20 ),
    ('0.50-0.69', 'F', 43, 39, 37, 34, 32, 28, 26, 24, 22, 20, 18 ),
    ('0.50-0.69', 'G', 41, 37, 35, 32, 30, 26, 24, 22, 20, 18, 16 ),
    ('0.50-0.69', 'H', 39, 35, 33, 30, 28, 24, 22, 20, 18, 16, 14 ),
    ('0.50-0.69', 'I', 37, 33, 31, 28, 26, 22, 20, 18, 16, 14, 12 ),
    ('0.50-0.69', 'J', 35, 31, 29, 26, 24, 20, 18, 16, 14, 12, 10 ),
    ('0.50-0.69', 'K', 33, 29, 27, 24, 22, 18, 16, 14, 12, 10, 8 ),
    ('0.50-0.69', 'L', 31, 27, 25, 22, 20, 16, 14, 12, 10, 8, 6 ),
    ('0.50-0.69', 'M', 29, 25, 23, 20, 18, 14, 12, 10, 8, 6, 4 ),
    ('0.50-0.69', 'N', 27, 23, 21, 18, 16, 12, 10, 8, 6, 4, 2 ),
    ('0.70-0.89', 'D', 98, 69, 63, 59, 55, 45, 38, 32, 28, 19, 12 ),
    ('0.70-0.89', 'E', 69, 64, 59, 56, 53, 43, 36, 30, 27, 18, 11 ),
    ('0.70-0.89', 'F', 63, 60, 56, 53, 50, 41, 34, 28, 25, 17, 11 ),
    ('0.70-0.89', 'G', 57, 54, 52, 49, 47, 39, 32, 27, 24, 16, 10 ),
    ('0.70-0.89', 'H', 52, 49, 47, 45, 43, 36, 30, 25, 22, 15, 9 ),
    ('0.70-0.89', 'I', 43, 40, 38, 37, 35, 33, 28, 23, 20, 14, 9 ),
    ('0.70-0.89', 'J', 36, 34, 32, 30, 29, 27, 24, 21, 19, 13, 8 ),
    ('0.70-0.89', 'K', 31, 28, 26, 25, 24, 23, 21, 18, 16, 12, 8 ),
    ('0.70-0.89', 'L', 28, 26, 24, 23, 22, 21, 19, 15, 13, 10, 7 ),
    ('0.70-0.89', 'M', 25, 23, 22, 21, 20, 19, 17, 13, 11, 8, 6 ),
    ('0.70-0.89', 'N', 20, 20, 18, 17, 18, 16, 14, 8, 8, 4, 4  ),
    ('0.90-0.99', 'D', 105, 106, 92, 82, 70, 57, 43, 36, 29, 24, 20 ),
    ('0.90-0.99', 'E', 101, 97, 90, 81, 68, 56, 42, 35, 28, 23, 19 ),
    ('0.90-0.99', 'F', 97, 95, 88, 78, 66, 54, 40, 34, 27, 22, 18 ),
    ('0.90-0.99', 'G', 94, 92, 85, 75, 64, 51, 38, 32, 26, 21, 17 ),
    ('0.90-0.99', 'H', 91, 89, 82, 72, 62, 49, 36, 30, 24, 19, 15 ),
    ('0.90-0.99', 'I', 88, 86, 79, 69, 60, 46, 34, 28, 23, 18, 14 ),
    ('0.90-0.99', 'J', 85, 83, 76, 66, 57, 44, 32, 26, 22, 17, 13 ),
    ('0.90-0.99', 'K', 82, 80, 73, 64, 54, 42, 30, 24, 21, 16, 12 ),
    ('0.90-0.99', 'L', 79, 77, 70, 61, 52, 40, 28, 22, 20, 15, 11 ),
    ('0.90-0.99', 'M', 76, 74, 67, 58, 50, 38, 26, 20, 19, 14, 10 ),
    ('0.90-0.99', 'N', 73, 71, 64, 56, 48, 36, 24, 18, 18, 13, 9  ),
    ( '1.00-1.49', 'D', 120, 115, 110, 99, 85, 70, 52, 42, 33, 28, 22 ),
    ( '1.00-1.49', 'E', 116, 111, 106, 96, 82, 68, 50, 40, 32, 27, 21 ),
    ( '1.00-1.49', 'F', 112, 107, 102, 92, 79, 66, 48, 38, 30, 26, 20 ),
    ( '1.00-1.49', 'G', 109, 104, 99, 89, 76, 64, 46, 36, 29, 25, 19 ),
    ( '1.00-1.49', 'H', 106, 101, 96, 86, 73, 62, 44, 34, 27, 23, 17 ),
    ( '1.00-1.49', 'I', 103, 98, 93, 83, 70, 60, 42, 32, 26, 22, 16 ),
    ( '1.00-1.49', 'J', 100, 95, 90, 80, 67, 58, 40, 30, 25, 21, 15 ),
    ( '1.00-1.49', 'K', 97, 92, 87, 77, 64, 56, 38, 28, 24, 20, 14 ),
    ( '1.00-1.49', 'L', 94, 89, 84, 74, 61, 54, 36, 26, 23, 19, 13 ),
    ( '1.00-1.49', 'M', 91, 86, 81, 71, 58, 52, 34, 24, 22, 18, 12 ),
    ( '1.00-1.49', 'N', 88, 83, 78, 68, 55, 50, 32, 22, 21, 17, 11 ),
    ( '1.50-1.99', 'D', 227, 194, 164, 132, 109, 85, 64, 54, 42, 36, 30 ),
    ( '1.50-1.99', 'E', 220, 188, 158, 128, 106, 82, 62, 52, 40, 34, 28 ),
    ( '1.50-1.99', 'F', 212, 182, 153, 123, 102, 80, 60, 50, 39, 32, 26 ),
    ( '1.50-1.99', 'G', 204, 175, 147, 119, 99, 77, 58, 48, 38, 31, 25 ),
    ( '1.50-1.99', 'H', 197, 169, 142, 115, 96, 75, 56, 46, 36, 30, 24 ),
    ( '1.50-1.99', 'I', 189, 162, 136, 111, 93, 72, 54, 44, 35, 29, 23 ),
    ( '1.50-1.99', 'J', 182, 156, 131, 107, 90, 70, 52, 42, 34, 28, 22 ),
    ( '1.50-1.99', 'K', 175, 150, 126, 103, 87, 68, 50, 40, 33, 27, 21 ),
    ( '1.50-1.99', 'L', 167, 144, 120, 99, 84, 65, 48, 38, 32, 26, 20 ),
    ( '1.50-1.99', 'M', 160, 138, 115, 95, 81, 63, 46, 36, 31, 25, 19 ),
    ( '1.50-1.99', 'N', 152, 132, 110, 91, 78, 60, 44, 34, 30, 24, 18 ),
    ('2.00-2.99', 'D', 365, 305, 240, 193, 153, 115, 85, 75, 63, 54, 45 ),
    ('2.00-2.99', 'E', 355, 295, 232, 187, 148, 112, 83, 73, 61, 52, 43 ),
    ('2.00-2.99', 'F', 345, 285, 224, 181, 143, 109, 81, 71, 59, 51, 42 ),
    ('2.00-2.99', 'G', 335, 275, 216, 174, 138, 106, 79, 69, 58, 50, 41 ),
    ('2.00-2.99', 'H', 325, 265, 208, 168, 133, 103, 77, 67, 57, 49, 40 ),
    ('2.00-2.99', 'I', 315, 255, 200, 161, 128, 100, 75, 65, 55, 48, 39 ),
    ('2.00-2.99', 'J', 305, 245, 192, 155, 123, 97, 73, 63, 54, 47, 38 ),
    ('2.00-2.99', 'K', 295, 235, 184, 148, 118, 94, 71, 61, 53, 46, 37 ),
    ('2.00-2.99', 'L', 285, 225, 176, 142, 113, 91, 69, 59, 52, 45, 36 ),
    ('2.00-2.99', 'M', 275, 215, 168, 135, 108, 88, 67, 57, 51, 44, 35 ),
    ('2.00-2.99', 'N', 265, 205, 160, 129, 103, 85, 65, 55, 50, 43, 34 ),
    ('3.00-3.99', 'D', 500, 410, 350, 300, 235, 175, 120, 105, 90, 75, 60 ),
    ('3.00-3.99', 'E', 480, 395, 340, 290, 225, 170, 115, 100, 85, 70, 55 ),
    ('3.00-3.99', 'F', 460, 380, 330, 280, 215, 165, 110, 95, 80, 65, 50 ),
    ('3.00-3.99', 'G', 440, 365, 320, 270, 205, 160, 105, 90, 75, 60, 45 ),
    ('3.00-3.99', 'H', 420, 350, 310, 260, 195, 155, 100, 85, 70, 55, 40 ),
    ('3.00-3.99', 'I', 400, 335, 300, 250, 185, 150, 95, 80, 65, 50, 35 ),
    ('3.00-3.99', 'J', 380, 320, 290, 240, 175, 145, 90, 75, 60, 45, 30 ),
    ('3.00-3.99', 'K', 360, 305, 280, 230, 165, 140, 85, 70, 55, 40, 25 ),
    ('3.00-3.99', 'L', 340, 290, 270, 220, 155, 135, 80, 65, 50, 35, 20 ),
    ('3.00-3.99', 'M', 320, 275, 260, 210, 145, 130, 75, 60, 45, 30, 15 ),
    ('3.00-3.99', 'N', 300, 260, 250, 200, 135, 125, 70, 55, 40, 25, 10 ),
    ( '4.00-4.99', 'D', 795, 625, 495, 405, 320, 235, 180, 160, 140, 120, 100 ),
    ( '4.00-4.99', 'E', 760, 600, 475, 390, 310, 230, 175, 155, 135, 115, 95 ),
    ( '4.00-4.99', 'F', 725, 575, 455, 375, 300, 225, 170, 150, 130, 110, 90 ),
    ( '4.00-4.99', 'G', 690, 550, 435, 360, 290, 220, 165, 145, 125, 105, 85 ),
    ( '4.00-4.99', 'H', 655, 525, 415, 345, 280, 215, 160, 140, 120, 100, 80 ),
    ( '4.00-4.99', 'I', 620, 500, 395, 330, 270, 210, 155, 135, 115, 95, 75 ),
    ( '4.00-4.99', 'J', 585, 475, 375, 315, 260, 205, 150, 130, 110, 90, 70 ),
    ( '4.00-4.99', 'K', 550, 450, 355, 300, 250, 200, 145, 125, 105, 85, 65 ),
    ( '4.00-4.99', 'L', 515, 425, 335, 285, 240, 195, 140, 120, 100, 80, 60 ),
    ( '4.00-4.99', 'M', 480, 400, 315, 270, 230, 190, 135, 115, 95, 75, 55 ),
    ( '4.00-4.99', 'N', 445, 375, 295, 255, 220, 185, 130, 110, 90, 70, 50 ),
    ('5.00-5.99', 'D', 1100, 845, 690, 570, 450, 345, 255, 225, 190, 170, 150 ),
    ('5.00-5.99', 'E', 1050, 800, 655, 545, 430, 330, 245, 215, 180, 160, 140 ),
    ('5.00-5.99', 'F', 1000, 760, 625, 520, 410, 315, 235, 205, 170, 150, 130 ),
    ('5.00-5.99', 'G', 950, 720, 595, 495, 390, 300, 225, 195, 160, 140, 120 ),
    ('5.00-5.99', 'H', 900, 680, 565, 470, 370, 285, 215, 185, 150, 130, 110 ),
    ('5.00-5.99', 'I', 850, 640, 535, 445, 350, 270, 205, 175, 140, 120, 100 ),
    ('5.00-5.99', 'J', 800, 600, 505, 420, 330, 255, 195, 165, 130, 110, 90 ),
    ('5.00-5.99', 'K', 750, 560, 475, 395, 310, 240, 185, 155, 120, 100, 80 ),
    ('5.00-5.99', 'L', 700, 520, 445, 370, 290, 225, 175, 145, 110, 90, 70 ),
    ('5.00-5.99', 'M', 650, 480, 415, 345, 270, 210, 165, 135, 100, 80, 60 ),
    ('5.00-5.99', 'N', 600, 440, 385, 320, 250, 195, 155, 125, 90, 70, 50  ),
    ( '6.00-6.99', 'D', 1400, 1050, 860, 710, 560, 430, 320, 280, 230, 200, 170 ),
    ( '6.00-6.99', 'E', 1350, 1010, 830, 690, 540, 415, 310, 270, 220, 190, 160 ),
    ( '6.00-6.99', 'F', 1300, 970, 800, 670, 530, 400, 300, 260, 210, 180, 150 ),
    ( '6.00-6.99', 'G', 1250, 930, 770, 650, 510, 385, 290, 250, 200, 170, 140 ),
    ( '6.00-6.99', 'H', 1200, 890, 740, 630, 490, 370, 280, 240, 190, 160, 135 ),
    ( '6.00-6.99', 'I', 1150, 850, 710, 610, 470, 355, 270, 230, 180, 150, 130 ),
    ( '6.00-6.99', 'J', 1100, 810, 680, 590, 470, 340, 260, 220, 175, 145, 125 ),
    ( '6.00-6.99', 'K', 1050, 770, 650, 570, 450, 325, 250, 210, 170, 140, 120 ),
    ( '6.00-6.99', 'L', 1000, 730, 620, 550, 430, 310, 240, 200, 165, 135, 115 ),
    ( '6.00-6.99', 'M', 950, 690, 590, 530, 410, 295, 230, 190, 160, 130, 110 ),
    ( '6.00-6.99', 'N', 900, 650, 560, 510, 390, 280, 220, 180, 155, 125, 105 ),
    ( '7.00-7.99', 'D', 1700, 1250, 1050, 860, 680, 495, 370, 330, 275, 240, 200 ),
    ( '7.00-7.99', 'E', 1650, 1210, 1020, 835, 665, 480, 360, 320, 265, 230, 195 ),
    ( '7.00-7.99', 'F', 1600, 1170, 990, 810, 650, 470, 350, 310, 255, 220, 190 ),
    ( '7.00-7.99', 'G', 1550, 1130, 960, 785, 625, 455, 340, 300, 245, 210, 185 ),
    ( '7.00-7.99', 'H', 1500, 1090, 930, 760, 605, 440, 330, 290, 235, 200, 180 ),
    ( '7.00-7.99', 'I', 1450, 1050, 900, 740, 590, 425, 320, 280, 225, 190, 170 ),
    ( '7.00-7.99', 'J', 1400, 1010, 860, 715, 570, 410, 310, 270, 215, 180, 160 ),
    ( '7.00-7.99', 'K', 1350, 970, 825, 690, 550, 395, 300, 260, 205, 170, 155 ),
    ( '7.00-7.99', 'L', 1300, 930, 790, 665, 530, 380, 290, 250, 195, 160, 150 ),
    ( '7.00-7.99', 'M', 1250, 890, 755, 640, 510, 365, 280, 240, 185, 150, 145 ),
    ( '7.00-7.99', 'N', 1200, 850, 720, 615, 490, 350, 270, 230, 175, 140, 140 ),
    ('8.00-8.99', 'D', 2000, 1450, 1200, 980, 770, 570, 420, 370, 310, 270, 225 ),
    ('8.00-8.99', 'E', 1950, 1410, 1170, 960, 750, 555, 410, 360, 305, 265, 220 ),
    ('8.00-8.99', 'F', 1900, 1370, 1140, 940, 730, 540, 400, 350, 300, 260, 215 ),
    ('8.00-8.99', 'G', 1850, 1330, 1110, 920, 710, 525, 390, 340, 295, 255, 210 ),
    ('8.00-8.99', 'H', 1800, 1290, 1080, 900, 690, 510, 380, 330, 290, 250, 205 ),
    ('8.00-8.99', 'I', 1750, 1250, 1050, 880, 670, 495, 370, 320, 285, 245, 200 ),
    ('8.00-8.99', 'J', 1700, 1210, 1020, 860, 650, 480, 360, 310, 280, 240, 195 ),
    ('8.00-8.99', 'K', 1650, 1170, 990, 840, 630, 465, 350, 300, 275, 235, 190 ),
    ('8.00-8.99', 'L', 1600, 1130, 960, 820, 610, 450, 340, 290, 270, 230, 185 ),
    ('8.00-8.99', 'M', 1550, 1090, 930, 800, 590, 435, 330, 280, 265, 225, 180 ),
    ('8.00-8.99', 'N', 1500, 1050, 900, 780, 570, 420, 320, 270, 255, 215, 170 ),
    ( '9.00-9.99', 'D', 2300, 1650, 1350, 1100, 870, 640, 470, 410, 345, 300, 250 ),
    ( '9.00-9.99', 'E', 2250, 1610, 1320, 1080, 850, 625, 460, 400, 340, 295, 245 ),
    ( '9.00-9.99', 'F', 2200, 1570, 1290, 1060, 830, 610, 450, 390, 335, 290, 240 ),
    ( '9.00-9.99', 'G', 2150, 1530, 1260, 1040, 810, 595, 440, 380, 330, 285, 235 ),
    ( '9.00-9.99', 'H', 2100, 1490, 1230, 1020, 790, 580, 430, 370, 320, 275, 225 ),
    ( '9.00-9.99', 'I', 2050, 1450, 1200, 1000, 770, 565, 420, 360, 315, 270, 220 ),
    ( '9.00-9.99', 'J', 2000, 1410, 1170, 980, 750, 550, 410, 350, 310, 265, 215 ),
    ( '9.00-9.99', 'K', 1950, 1370, 1140, 960, 730, 535, 400, 340, 305, 260, 210 ),
    ( '9.00-9.99', 'L', 1900, 1330, 1110, 940, 710, 520, 390, 330, 300, 255, 205 ),
    ( '9.00-9.99', 'M', 1850, 1290, 1080, 900, 690, 505, 380, 320, 295, 250, 200 ),
    ( '9.00-9.99', 'N', 1800, 1250, 1050, 880, 670, 490, 370, 320, 285, 245, 195 ),
    ( '10.00-10.99', 'D', 1720, 1250, 1070, 865, 690, 500, 370, 330, 275, 240, 190 ),
    ( '10.00-10.99', 'E', 1670, 1210, 1035, 840, 670, 485, 360, 320, 265, 230, 185 ),
    ( '10.00-10.99', 'F', 1620, 1170, 1000, 815, 650, 470, 350, 310, 255, 220, 180 ),
    ( '10.00-10.99', 'G', 1570, 1130, 965, 790, 630, 455, 340, 300, 245, 210, 175 ),
    ( '10.00-10.99', 'H', 1520, 1090, 930, 765, 610, 440, 330, 290, 235, 200, 170 ),
    ( '10.00-10.99', 'I', 1470, 1050, 895, 740, 590, 425, 320, 280, 225, 190, 165 ),
    ( '10.00-10.99', 'J', 1420, 1010, 860, 715, 570, 410, 310, 270, 215, 180, 160 ),
    ( '10.00-10.99', 'K', 1370, 970, 825, 690, 550, 395, 300, 260, 205, 170, 155 ),
    ( '10.00-10.99', 'L', 1320, 930, 790, 665, 530, 380, 290, 250, 195, 160, 150 ),
    ( '10.00-10.99', 'M', 1270, 890, 755, 640, 510, 365, 280, 240, 185, 150, 145 ),
    ( '10.00-10.99', 'N', 1220, 850, 720, 615, 490, 350, 270, 230, 175, 140, 140 )




